{"stats":{"minecraft:killed_by":{"minecraft:slime":1},"minecraft:custom":{"minecraft:time_since_rest":1911,"minecraft:crouch_one_cm":1777,"minecraft:play_one_minute":128427,"minecraft:sprint_one_cm":49648,"minecraft:deaths":4,"minecraft:damage_taken":985,"minecraft:walk_one_cm":125120,"minecraft:sneak_time":1067,"minecraft:jump":530,"minecraft:damage_dealt":26,"minecraft:leave_game":44,"minecraft:walk_on_water_one_cm":38,"minecraft:time_since_death":1866,"minecraft:fall_one_cm":12732,"minecraft:fly_one_cm":680959},"minecraft:used":{"minecraft:stone_brick_stairs":339,"minecraft:stone_bricks":8,"minecraft:oak_leaves":4,"minecraft:grass_block":1,"minecraft:polished_andesite":1,"minecraft:brown_stained_glass":1,"minecraft:dark_oak_leaves":93},"minecraft:mined":{"minecraft:brown_stained_glass":1},"minecraft:picked_up":{"minecraft:dark_oak_sapling":2,"minecraft:stick":1,"minecraft:apple":1,"minecraft:oak_sapling":6}},"DataVersion":2580}